{"ts": 1754705737382, "type": "risk", "open_risk_pct": 0.5, "day_pnl_pct": 0.012297497710533206, "rolling_dd_pct": 0.7847513040026279, "mode": "normal"}