{"ts": 1754705928478, "type": "risk", "open_risk_pct": 0.5, "day_pnl_pct": 0.008255497102727532, "rolling_dd_pct": 1.4405806930614515, "mode": "normal"}