{"ts": 1754705868473, "type": "risk", "open_risk_pct": 0.5, "day_pnl_pct": -0.004331957008162135, "rolling_dd_pct": 0.1966757720651, "mode": "normal"}