{"ts": 1754705808468, "type": "risk", "open_risk_pct": 0.5, "day_pnl_pct": 0.004591070373317052, "rolling_dd_pct": 0.8305539924136867, "mode": "normal"}